INSERT INTO users (id, email, password, name, phone) VALUES (1, 'admin@gmail.com', 'password', 'admin admin', '9999999999');
INSERT INTO admins (admin_id) VALUES (1);

INSERT INTO users (id, email, password, name, phone) VALUES (2, 'parent0@gmail.com', 'password', 'parent0', '0000000000');
INSERT INTO users (id, email, password, name, phone) VALUES (3, 'parent1@gmail.com', 'password', 'parent1', '1111111111');
INSERT INTO users (id, email, password, name, phone) VALUES (4, 'parent2@gmail.com', 'password', 'parent2', '2222222222');
INSERT INTO users (id, email, password, name, phone) VALUES (5, 'parent3@gmail.com', 'password', 'parent3', '3333333333');
INSERT INTO users (id, email, password, name, phone) VALUES (6, 'parent4@gmail.com', 'password', 'parent4', '4444444444');
INSERT INTO users (id, email, password, name, phone) VALUES (7, 'parent5@gmail.com', 'password', 'parent5', '5555555555');
INSERT INTO users (id, email, password, name, phone) VALUES (8, 'parent6@gmail.com', 'password', 'parent6', '6666666666');
INSERT INTO users (id, email, password, name, phone) VALUES (9, 'parent7@gmail.com', 'password', 'parent7', '7777777777');
INSERT INTO users (id, email, password, name, phone) VALUES (10, 'parent8@gmail.com', 'password', 'parent8', '8888888888');
INSERT INTO users (id, email, password, name, phone) VALUES (11, 'parent9@gmail.com', 'password', 'parent9', '9999999999');

INSERT INTO parents (parent_id) VALUES (2);
INSERT INTO parents (parent_id) VALUES (3);
INSERT INTO parents (parent_id) VALUES (4);
INSERT INTO parents (parent_id) VALUES (5);
INSERT INTO parents (parent_id) VALUES (6);
INSERT INTO parents (parent_id) VALUES (7);
INSERT INTO parents (parent_id) VALUES (8);
INSERT INTO parents (parent_id) VALUES (9);
INSERT INTO parents (parent_id) VALUES (10);
INSERT INTO parents (parent_id) VALUES (11);

INSERT INTO users (id, email, password, name, phone) VALUES (12, 'student00@gmail.com', 'password', 'student00', '0000000000');
INSERT INTO users (id, email, password, name, phone) VALUES (13, 'student01@gmail.com', 'password', 'student01', '0111111111');
INSERT INTO users (id, email, password, name, phone) VALUES (14, 'student02@gmail.com', 'password', 'student02', '0222222222');
INSERT INTO users (id, email, password, name, phone) VALUES (15, 'student10@gmail.com', 'password', 'student10', '1000000000');
INSERT INTO users (id, email, password, name, phone) VALUES (16, 'student11@gmail.com', 'password', 'student11', '1111111111');
INSERT INTO users (id, email, password, name, phone) VALUES (17, 'student20@gmail.com', 'password', 'student20', '2000000000');
INSERT INTO users (id, email, password, name, phone) VALUES (18, 'student30@gmail.com', 'password', 'student30', '3000000000');
INSERT INTO users (id, email, password, name, phone) VALUES (19, 'student40@gmail.com', 'password', 'student40', '4000000000');
INSERT INTO users (id, email, password, name, phone) VALUES (20, 'student50@gmail.com', 'password', 'student50', '5000000000');
INSERT INTO users (id, email, password, name, phone) VALUES (21, 'student51@gmail.com', 'password', 'student51', '5111111111');
INSERT INTO users (id, email, password, name, phone) VALUES (22, 'student60@gmail.com', 'password', 'student60', '6000000000');
INSERT INTO users (id, email, password, name, phone) VALUES (23, 'student70@gmail.com', 'password', 'student70', '7000000000');
INSERT INTO users (id, email, password, name, phone) VALUES (24, 'student80@gmail.com', 'password', 'student80', '8000000000');
INSERT INTO users (id, email, password, name, phone) VALUES (25, 'student90@gmail.com', 'password', 'student90', '9000000000');
INSERT INTO users (id, email, password, name, phone) VALUES (26, 'student91@gmail.com', 'password', 'student91', '9111111111');

INSERT INTO students (student_id, grade, parent_id) VALUES (12, 6, 2);
INSERT INTO students (student_id, grade, parent_id) VALUES (13, 12, 2);
INSERT INTO students (student_id, grade, parent_id) VALUES (14, 7, 2);
INSERT INTO students (student_id, grade, parent_id) VALUES (15, 8, 3);
INSERT INTO students (student_id, grade, parent_id) VALUES (16, 9, 3);
INSERT INTO students (student_id, grade, parent_id) VALUES (17, 6, 4);
INSERT INTO students (student_id, grade, parent_id) VALUES (18, 9, 5);
INSERT INTO students (student_id, grade, parent_id) VALUES (19, 10, 6);
INSERT INTO students (student_id, grade, parent_id) VALUES (20, 11, 7);
INSERT INTO students (student_id, grade, parent_id) VALUES (21, 7, 7);
INSERT INTO students (student_id, grade, parent_id) VALUES (22, 12, 8);
INSERT INTO students (student_id, grade, parent_id) VALUES (23, 9, 9);
INSERT INTO students (student_id, grade, parent_id) VALUES (24, 9, 10);
INSERT INTO students (student_id, grade, parent_id) VALUES (25, 6, 11);
INSERT INTO students (student_id, grade, parent_id) VALUES (26, 12, 11);

INSERT INTO `groups` (group_id, `name`, `description`, `mentor_grade_req`, `mentee_grade_req`) VALUES (6, 'Group 6', 6, 9, NULL);
INSERT INTO `groups` (group_id, `name`, `description`, `mentor_grade_req`, `mentee_grade_req`) VALUES (7, 'Group 7', 7, 10, NULL);
INSERT INTO `groups` (group_id, `name`, `description`, `mentor_grade_req`, `mentee_grade_req`) VALUES (8, 'Group 8', 8, 11, NULL);
INSERT INTO `groups` (group_id, `name`, `description`, `mentor_grade_req`, `mentee_grade_req`) VALUES (9, 'Group 9', 9, 12, 6);
INSERT INTO `groups` (group_id, `name`, `description`, `mentor_grade_req`, `mentee_grade_req`) VALUES (10, 'Group 10', 10, NULL, 7);
INSERT INTO `groups` (group_id, `name`, `description`, `mentor_grade_req`, `mentee_grade_req`) VALUES (11, 'Group 11', 11, NULL, 8);
INSERT INTO `groups` (group_id, `name`, `description`, `mentor_grade_req`, `mentee_grade_req`) VALUES (12, 'Group 12', 12, NULL, 9);

INSERT INTO time_slot (time_slot_id, day_of_the_week, start_time, end_time) VALUES (1, 'Saturday', '16:00:00', '17:00:00');
INSERT INTO time_slot (time_slot_id, day_of_the_week, start_time, end_time) VALUES (2, 'Saturday', '16:30:00', '17:30:00');
INSERT INTO time_slot (time_slot_id, day_of_the_week, start_time, end_time) VALUES (3, 'Saturday', '17:00:00', '18:00:00');
INSERT INTO time_slot (time_slot_id, day_of_the_week, start_time, end_time) VALUES (4, 'Saturday', '17:30:00', '18:30:00');
INSERT INTO time_slot (time_slot_id, day_of_the_week, start_time, end_time) VALUES (5, 'Saturday', '18:00:00', '19:00:00');
INSERT INTO time_slot (time_slot_id, day_of_the_week, start_time, end_time) VALUES (6, 'Saturday', '18:30:00', '19:30:00');
INSERT INTO time_slot (time_slot_id, day_of_the_week, start_time, end_time) VALUES (7, 'Saturday', '19:00:00', '20:00:00');
INSERT INTO time_slot (time_slot_id, day_of_the_week, start_time, end_time) VALUES (8, 'Saturday', '19:30:00', '20:30:00');
INSERT INTO time_slot (time_slot_id, day_of_the_week, start_time, end_time) VALUES (9, 'Sunday', '16:00:00', '17:00:00');
INSERT INTO time_slot (time_slot_id, day_of_the_week, start_time, end_time) VALUES (10, 'Sunday', '16:30:00', '17:30:00');
INSERT INTO time_slot (time_slot_id, day_of_the_week, start_time, end_time) VALUES (11, 'Sunday', '17:00:00', '18:00:00');
INSERT INTO time_slot (time_slot_id, day_of_the_week, start_time, end_time) VALUES (12, 'Sunday', '17:30:00', '18:30:00');
INSERT INTO time_slot (time_slot_id, day_of_the_week, start_time, end_time) VALUES (13, 'Sunday', '18:00:00', '19:00:00');
INSERT INTO time_slot (time_slot_id, day_of_the_week, start_time, end_time) VALUES (14, 'Sunday', '18:30:00', '19:30:00');
INSERT INTO time_slot (time_slot_id, day_of_the_week, start_time, end_time) VALUES (15, 'Sunday', '19:00:00', '20:00:00');
INSERT INTO time_slot (time_slot_id, day_of_the_week, start_time, end_time) VALUES (16, 'Sunday', '19:30:00', '20:30:00');

INSERT INTO meetings (meet_id, meet_name, date, time_slot_id, capacity, announcement, group_id) VALUES (1, 'Math', '2020-03-28', 8, 6, 'Announcement 1', 6);
INSERT INTO meetings (meet_id, meet_name, date, time_slot_id, capacity, announcement, group_id) VALUES (2, 'English', '2020-03-28', 1, 6, 'Announcement 2', 7);
INSERT INTO meetings (meet_id, meet_name, date, time_slot_id, capacity, announcement, group_id) VALUES (3, 'Math', '2020-03-28', 3, 6, 'Announcement 3', 8);
INSERT INTO meetings (meet_id, meet_name, date, time_slot_id, capacity, announcement, group_id) VALUES (4, 'English', '2020-03-28', 4, 6, 'Announcement 4', 9);
INSERT INTO meetings (meet_id, meet_name, date, time_slot_id, capacity, announcement, group_id) VALUES (5, 'Math', '2020-03-28', 5, 6, 'Announcement 5', 6);
INSERT INTO meetings (meet_id, meet_name, date, time_slot_id, capacity, announcement, group_id) VALUES (6, 'English', '2020-03-28', 5, 6, 'Announcement 6', 7);
INSERT INTO meetings (meet_id, meet_name, date, time_slot_id, capacity, announcement, group_id) VALUES (7, 'Math', '2020-03-28', 3, 6, 'Announcement 7', 8);
INSERT INTO meetings (meet_id, meet_name, date, time_slot_id, capacity, announcement, group_id) VALUES (8, 'English', '2020-03-28', 5, 6, 'Announcement 8', 9);
INSERT INTO meetings (meet_id, meet_name, date, time_slot_id, capacity, announcement, group_id) VALUES (9, 'Math', '2020-03-29', 2, 6, 'Announcement 9', 6);
INSERT INTO meetings (meet_id, meet_name, date, time_slot_id, capacity, announcement, group_id) VALUES (10, 'English', '2020-03-29', 7, 6, 'Announcement 10', 7);
INSERT INTO meetings (meet_id, meet_name, date, time_slot_id, capacity, announcement, group_id) VALUES (11, 'Math', '2020-03-29', 9, 6, 'Announcement 11', 8);
INSERT INTO meetings (meet_id, meet_name, date, time_slot_id, capacity, announcement, group_id) VALUES (12, 'English', '2020-03-29', 9, 6, 'Announcement 12', 9);
INSERT INTO meetings (meet_id, meet_name, date, time_slot_id, capacity, announcement, group_id) VALUES (13, 'Math', '2020-04-04', 5, 6, 'Announcement 1', 6);
INSERT INTO meetings (meet_id, meet_name, date, time_slot_id, capacity, announcement, group_id) VALUES (14, 'English', '2020-04-04', 6, 6, 'Announcement 2', 7);
INSERT INTO meetings (meet_id, meet_name, date, time_slot_id, capacity, announcement, group_id) VALUES (15, 'Math', '2020-04-04', 2, 6, 'Announcement 3', 8);
INSERT INTO meetings (meet_id, meet_name, date, time_slot_id, capacity, announcement, group_id) VALUES (16, 'English', '2020-04-04', 1, 6, 'Announcement 4', 9);